,asset1,asset2,EG_stat,pvalue,cointegrated_95
0,CL=F,BZ=F,-4.2932,0.002624,True
1,CL=F,NG=F,-4.2963,0.002595,True
2,CL=F,GC=F,-3.2039,0.069284,False
3,CL=F,SI=F,-3.3405,0.049403,True
4,CL=F,HG=F,-3.2696,0.05904,False
5,CL=F,ZC=F,-4.2624,0.002929,True
6,CL=F,ZW=F,-4.7307,0.000499,True
7,CL=F,ZS=F,-4.7729,0.000421,True
8,CL=F,XOM,-3.3909,0.043366,True
9,CL=F,CVX,-3.4185,0.040338,True
10,CL=F,FCX,-3.5364,0.029305,True
11,CL=F,NEM,-3.2392,0.063619,False
12,CL=F,APA,-2.8934,0.137759,False
13,CL=F,OXY,-2.8163,0.160554,False
14,CL=F,TECK,-3.4416,0.03794,True
15,CL=F,SM,-3.4929,0.033031,True
16,BZ=F,NG=F,-3.4869,0.033573,True
17,BZ=F,GC=F,-3.1333,0.081807,False
18,BZ=F,SI=F,-3.2082,0.068573,False
19,BZ=F,HG=F,-2.6895,0.203377,False
20,BZ=F,ZC=F,-4.2394,0.003177,True
21,BZ=F,ZW=F,-3.9776,0.007727,True
22,BZ=F,ZS=F,-4.1495,0.004345,True
23,BZ=F,XOM,-3.0421,0.100543,False
24,BZ=F,CVX,-3.0822,0.091935,False
25,BZ=F,FCX,-2.9565,0.120907,False
26,BZ=F,NEM,-3.1259,0.083227,False
27,BZ=F,APA,-2.6113,0.232302,False
28,BZ=F,OXY,-2.4613,0.296389,False
29,BZ=F,TECK,-2.8646,0.145995,False
30,BZ=F,SM,-2.9835,0.114184,False
31,NG=F,GC=F,-3.0362,0.101855,False
32,NG=F,SI=F,-3.0558,0.097525,False
33,NG=F,HG=F,-3.0513,0.098503,False
34,NG=F,ZC=F,-3.3723,0.045523,True
35,NG=F,ZW=F,-4.0956,0.005222,True
36,NG=F,ZS=F,-3.4398,0.03812,True
37,NG=F,XOM,-3.1247,0.083455,False
38,NG=F,CVX,-3.1412,0.08032,False
39,NG=F,FCX,-3.1819,0.073009,False
40,NG=F,NEM,-3.0852,0.091309,False
41,NG=F,APA,-3.4845,0.033799,True
42,NG=F,OXY,-3.1226,0.083846,False
43,NG=F,TECK,-3.0784,0.092715,False
44,NG=F,SM,-3.3019,0.054476,False
45,GC=F,SI=F,-2.2116,0.41838,False
46,GC=F,HG=F,-3.121,0.084171,False
47,GC=F,ZC=F,-0.3187,0.975003,False
48,GC=F,ZW=F,-0.2402,0.978457,False
49,GC=F,ZS=F,-0.2846,0.976576,False
50,GC=F,XOM,-2.5278,0.266944,False
51,GC=F,CVX,-2.2019,0.423369,False
52,GC=F,FCX,-2.0656,0.494374,False
53,GC=F,NEM,-2.5525,0.25641,False
54,GC=F,APA,-0.7483,0.94117,False
55,GC=F,OXY,-0.1704,0.981051,False
56,GC=F,TECK,-2.3136,0.366769,False
57,GC=F,SM,-0.1269,0.982477,False
58,SI=F,HG=F,-3.4801,0.034197,True
59,SI=F,ZC=F,-1.3851,0.802586,False
60,SI=F,ZW=F,-1.3659,0.808958,False
61,SI=F,ZS=F,-1.1825,0.862428,False
62,SI=F,XOM,-1.9744,0.54187,False
63,SI=F,CVX,-1.6171,0.713606,False
64,SI=F,FCX,-2.4636,0.295374,False
65,SI=F,NEM,-2.5636,0.251764,False
66,SI=F,APA,-1.0116,0.900634,False
67,SI=F,OXY,-0.8548,0.927118,False
68,SI=F,TECK,-2.6101,0.23279,False
69,SI=F,SM,-0.9555,0.910975,False
70,HG=F,ZC=F,-2.0797,0.486973,False
71,HG=F,ZW=F,-2.141,0.454947,False
72,HG=F,ZS=F,-2.0438,0.50575,False
73,HG=F,XOM,-2.8486,0.150713,False
74,HG=F,CVX,-2.3264,0.360476,False
75,HG=F,FCX,-3.0499,0.098826,False
76,HG=F,NEM,-3.0985,0.088608,False
77,HG=F,APA,-1.5003,0.761062,False
78,HG=F,OXY,-1.3835,0.803112,False
79,HG=F,TECK,-2.8561,0.148498,False
80,HG=F,SM,-1.3104,0.826586,False
81,ZC=F,ZW=F,-4.2816,0.002735,True
82,ZC=F,ZS=F,-4.3338,0.002267,True
83,ZC=F,XOM,-2.6491,0.218408,False
84,ZC=F,CVX,-2.6117,0.232148,False
85,ZC=F,FCX,-3.3154,0.052653,False
86,ZC=F,NEM,-2.7491,0.182423,False
87,ZC=F,APA,-2.7487,0.182566,False
88,ZC=F,OXY,-2.5924,0.239922,False
89,ZC=F,TECK,-2.9682,0.117959,False
90,ZC=F,SM,-2.9659,0.118535,False
91,ZW=F,ZS=F,-4.7941,0.000387,True
92,ZW=F,XOM,-3.142,0.080167,False
93,ZW=F,CVX,-3.138,0.080926,False
94,ZW=F,FCX,-4.0296,0.006512,True
95,ZW=F,NEM,-3.383,0.044274,True
96,ZW=F,APA,-3.2189,0.066826,False
97,ZW=F,OXY,-3.1258,0.083247,False
98,ZW=F,TECK,-3.4726,0.034898,True
99,ZW=F,SM,-3.336,0.049968,True
100,ZS=F,XOM,-2.8762,0.142633,False
101,ZS=F,CVX,-2.901,0.135654,False
102,ZS=F,FCX,-3.5924,0.025035,True
103,ZS=F,NEM,-2.9032,0.135048,False
104,ZS=F,APA,-3.0877,0.090795,False
105,ZS=F,OXY,-2.8179,0.160062,False
106,ZS=F,TECK,-3.1417,0.080234,False
107,ZS=F,SM,-3.3892,0.043565,True
108,XOM,CVX,-1.5205,0.753254,False
109,XOM,FCX,-1.2279,0.850439,False
110,XOM,NEM,-1.2926,0.831954,False
111,XOM,APA,-0.7897,0.936038,False
112,XOM,OXY,0.9954,1.0,False
113,XOM,TECK,-1.6212,0.711867,False
114,XOM,SM,0.5228,0.992795,False
115,CVX,FCX,-1.3811,0.803931,False
116,CVX,NEM,-1.5018,0.760489,False
117,CVX,APA,-1.8243,0.617836,False
118,CVX,OXY,0.113,0.988207,False
119,CVX,TECK,-1.8248,0.617591,False
120,CVX,SM,-0.4718,0.96628,False
121,FCX,NEM,-2.3311,0.35816,False
122,FCX,APA,-1.3423,0.816618,False
123,FCX,OXY,-1.4581,0.776914,False
124,FCX,TECK,-2.4349,0.308522,False
125,FCX,SM,-1.5683,0.734063,False
126,NEM,APA,-1.3095,0.826837,False
127,NEM,OXY,-1.2017,0.857447,False
128,NEM,TECK,-1.936,0.56162,False
129,NEM,SM,-0.9263,0.915963,False
130,APA,OXY,-1.8062,0.626711,False
131,APA,TECK,-2.1097,0.471286,False
132,APA,SM,-1.8068,0.626427,False
133,OXY,TECK,-2.7931,0.167888,False
134,OXY,SM,-2.6924,0.202337,False
135,TECK,SM,-2.1997,0.424514,False
