,event_type,asset,window_days,n_events,mean_CAR,std_CAR,t_stat,pvalue,significant,mean_CAR_pre
0,FOMC,CL=F,1,54,0.007372,0.067088,0.8,0.427298,False,-0.001474
1,FOMC,CL=F,3,54,0.002691,0.088195,0.2222,0.825041,False,-0.001474
2,FOMC,CL=F,5,54,0.002072,0.118017,0.1278,0.898757,False,-0.001474
3,FOMC,BZ=F,1,54,0.005662,0.043685,0.9436,0.34968,False,-0.002215
4,FOMC,BZ=F,3,54,0.000477,0.062404,0.0557,0.955814,False,-0.002215
5,FOMC,BZ=F,5,54,-0.000611,0.089315,-0.0498,0.960475,False,-0.002215
6,FOMC,NG=F,1,54,-0.008642,0.114863,-0.5477,0.586167,False,0.015651
7,FOMC,NG=F,3,54,-0.017865,0.140492,-0.9258,0.358772,False,0.015651
8,FOMC,NG=F,5,54,-0.013337,0.143127,-0.6784,0.500494,False,0.015651
9,FOMC,GC=F,1,54,0.000238,0.020379,0.0849,0.932687,False,-0.00714
10,FOMC,GC=F,3,54,-0.005905,0.030385,-1.4147,0.16301,False,-0.00714
11,FOMC,GC=F,5,54,-0.003793,0.031067,-0.8889,0.378098,False,-0.00714
12,FOMC,SI=F,1,54,0.000767,0.040523,0.1378,0.890951,False,-0.012755
13,FOMC,SI=F,3,54,-0.010553,0.071838,-1.0695,0.289706,False,-0.012755
14,FOMC,SI=F,5,54,-0.008239,0.066533,-0.9015,0.371409,False,-0.012755
15,FOMC,HG=F,1,54,-0.007536,0.040596,-1.3514,0.182314,False,-0.002083
16,FOMC,HG=F,3,54,-0.011577,0.041532,-2.0293,0.04746,True,-0.002083
17,FOMC,HG=F,5,54,-0.010519,0.047119,-1.6252,0.110051,False,-0.002083
18,FOMC,ZC=F,1,54,0.000873,0.02132,0.298,0.766879,False,0.009032
19,FOMC,ZC=F,3,54,0.002506,0.026759,0.6819,0.498292,False,0.009032
20,FOMC,ZC=F,5,54,-0.000539,0.032657,-0.1203,0.904735,False,0.009032
21,FOMC,ZW=F,1,54,-0.001468,0.029936,-0.357,0.722517,False,0.005198
22,FOMC,ZW=F,3,54,-0.002767,0.040703,-0.4949,0.622707,False,0.005198
23,FOMC,ZW=F,5,54,-0.004644,0.05439,-0.6216,0.53688,False,0.005198
24,FOMC,ZS=F,1,54,-0.000147,0.022614,-0.0473,0.962467,False,-0.000703
25,FOMC,ZS=F,3,54,0.003119,0.027602,0.8225,0.414458,False,-0.000703
26,FOMC,ZS=F,5,54,0.00389,0.033328,0.8497,0.399294,False,-0.000703
27,FOMC,XLE,1,54,-0.003382,0.026933,-0.9141,0.364811,False,-0.003782
28,FOMC,XLE,3,54,-0.006259,0.041533,-1.0971,0.277554,False,-0.003782
29,FOMC,XLE,5,54,-0.006061,0.048727,-0.9055,0.369302,False,-0.003782
30,FOMC,XLB,1,54,-0.002803,0.012513,-1.6308,0.108872,False,-0.00085
31,FOMC,XLB,3,54,-0.005138,0.017774,-2.1047,0.040079,True,-0.00085
32,FOMC,XLB,5,54,-0.004121,0.020688,-1.4501,0.152911,False,-0.00085
33,FOMC,XLI,1,54,-8e-06,0.009909,-0.0062,0.995078,False,0.000235
34,FOMC,XLI,3,54,-0.001685,0.012708,-0.9654,0.338722,False,0.000235
35,FOMC,XLI,5,54,-0.000956,0.015771,-0.4415,0.660654,False,0.000235
36,FOMC,GDX,1,54,0.00372,0.056782,0.4769,0.635398,False,-0.016845
37,FOMC,GDX,3,54,-0.004136,0.056015,-0.5376,0.5931,False,-0.016845
38,FOMC,GDX,5,54,-0.004905,0.066577,-0.5364,0.593938,False,-0.016845
39,FOMC,SIL,1,54,0.001891,0.051813,0.2657,0.791483,False,-0.017398
40,FOMC,SIL,3,54,-0.00505,0.063535,-0.5787,0.565257,False,-0.017398
41,FOMC,SIL,5,54,-0.007518,0.069725,-0.785,0.435961,False,-0.017398
42,FOMC,JETS,1,54,-0.001056,0.026586,-0.2892,0.773594,False,-0.002101
43,FOMC,JETS,3,54,-0.005766,0.047745,-0.8792,0.383287,False,-0.002101
44,FOMC,JETS,5,54,7.2e-05,0.042376,0.0123,0.990202,False,-0.002101
45,FOMC,IYT,1,54,-0.000673,0.013667,-0.3583,0.721518,False,-0.003806
46,FOMC,IYT,3,54,-0.001997,0.019195,-0.7573,0.452231,False,-0.003806
47,FOMC,IYT,5,54,0.000606,0.021249,0.2075,0.836412,False,-0.003806
48,FOMC,XOM,1,54,-0.002249,0.026753,-0.6121,0.543113,False,0.000198
49,FOMC,XOM,3,54,-0.006361,0.039621,-1.1688,0.247725,False,0.000198
50,FOMC,XOM,5,54,-0.004345,0.0438,-0.7222,0.473337,False,0.000198
51,FOMC,CVX,1,54,-0.005023,0.027145,-1.347,0.183697,False,-0.001238
52,FOMC,CVX,3,54,-0.008105,0.052603,-1.1217,0.267036,False,-0.001238
53,FOMC,CVX,5,54,-0.009773,0.051962,-1.3693,0.176679,False,-0.001238
54,FOMC,FCX,1,54,-0.00523,0.033176,-1.1476,0.256289,False,-0.009996
55,FOMC,FCX,3,54,-0.009927,0.042461,-1.702,0.09461,False,-0.009996
56,FOMC,FCX,5,54,-0.011758,0.059606,-1.4361,0.156847,False,-0.009996
57,FOMC,NEM,1,54,0.001209,0.042832,0.2055,0.837963,False,-0.007741
58,FOMC,NEM,3,54,-0.004697,0.050501,-0.6771,0.50128,False,-0.007741
59,FOMC,NEM,5,54,-0.005733,0.061517,-0.6784,0.50044,False,-0.007741
60,FOMC,APA,1,54,-0.008656,0.080931,-0.7786,0.439671,False,-0.005927
61,FOMC,APA,3,54,-0.010416,0.081264,-0.9331,0.354985,False,-0.005927
62,FOMC,APA,5,54,-0.026732,0.130481,-1.4915,0.141764,False,-0.005927
63,FOMC,OXY,1,54,-0.004208,0.042552,-0.7199,0.474745,False,-0.001175
64,FOMC,OXY,3,54,-0.00468,0.061911,-0.5503,0.584411,False,-0.001175
65,FOMC,OXY,5,54,-0.016182,0.112938,-1.0431,0.301637,False,-0.001175
66,FOMC,TECK,1,54,0.001158,0.034845,0.2419,0.809801,False,0.003061
67,FOMC,TECK,3,54,-0.008853,0.047733,-1.3502,0.182699,False,0.003061
68,FOMC,TECK,5,54,-0.007199,0.059026,-0.8879,0.37858,False,0.003061
69,FOMC,SM,1,54,-0.00293,0.121237,-0.176,0.861,False,-0.004132
70,FOMC,SM,3,54,-0.01077,0.139841,-0.5607,0.577391,False,-0.004132
71,FOMC,SM,5,54,-0.024871,0.198252,-0.9133,0.365212,False,-0.004132
72,FOMC,TGB,1,54,-0.003584,0.056706,-0.4601,0.6473,False,-0.010104
73,FOMC,TGB,3,54,-0.010787,0.076631,-1.0247,0.310138,False,-0.010104
74,FOMC,TGB,5,54,-0.014031,0.090242,-1.1319,0.262764,False,-0.010104
75,FOMC,GORO,1,54,-0.021149,0.215266,-0.7152,0.477595,False,0.00282
76,FOMC,GORO,3,54,-0.010183,0.254621,-0.2911,0.77208,False,0.00282
77,FOMC,GORO,5,54,0.011932,0.276077,0.3146,0.754268,False,0.00282
78,FOMC,QQQ,1,54,0.001972,0.008564,1.6761,0.099617,False,-0.000603
79,FOMC,QQQ,3,54,0.003898,0.011862,2.3923,0.02032,True,-0.000603
80,FOMC,QQQ,5,54,0.004041,0.014571,2.0189,0.048564,True,-0.000603
81,FOMC,IWM,1,54,-0.000898,0.013823,-0.4727,0.638352,False,-0.001889
82,FOMC,IWM,3,54,-0.001959,0.016987,-0.8395,0.404985,False,-0.001889
83,FOMC,IWM,5,54,-0.004067,0.02337,-1.2669,0.210719,False,-0.001889
84,FOMC,IJH,1,54,-0.001942,0.010026,-1.4099,0.164406,False,5e-06
85,FOMC,IJH,3,54,-0.00359,0.01262,-2.0707,0.043274,True,5e-06
86,FOMC,IJH,5,54,-0.004893,0.016053,-2.2192,0.03078,True,5e-06
87,FOMC,MGC,1,54,8.3e-05,0.001602,0.3763,0.708202,False,0.000241
88,FOMC,MGC,3,54,0.000468,0.001938,1.7563,0.084807,False,0.000241
89,FOMC,MGC,5,54,0.000434,0.002301,1.3744,0.175095,False,0.000241
90,FOMC,^VIX,1,54,-0.000819,0.065628,-0.0908,0.927956,False,-0.020848
91,FOMC,^VIX,3,54,-0.004597,0.10638,-0.3146,0.754322,False,-0.020848
92,FOMC,^VIX,5,54,-0.041979,0.139803,-2.186,0.033253,True,-0.020848
93,FOMC,DX-Y.NYB,1,54,-0.000606,0.007879,-0.5601,0.577743,False,0.000983
94,FOMC,DX-Y.NYB,3,54,0.001404,0.011519,0.8874,0.378855,False,0.000983
95,FOMC,DX-Y.NYB,5,54,0.002334,0.011486,1.4794,0.144964,False,0.000983
96,FOMC,^TNX,1,54,-0.005445,0.043298,-0.9155,0.36409,False,0.012869
97,FOMC,^TNX,3,54,0.003331,0.086709,0.2796,0.780844,False,0.012869
98,FOMC,^TNX,5,54,-0.000496,0.069857,-0.0516,0.95901,False,0.012869
99,WASDE,CL=F,1,68,-0.001772,0.040924,-0.3543,0.724206,False,0.003522
100,WASDE,CL=F,3,68,0.004557,0.061982,0.6018,0.549312,False,0.003522
101,WASDE,CL=F,5,68,0.004232,0.07835,0.4421,0.659856,False,0.003522
102,WASDE,BZ=F,1,68,-0.00095,0.035469,-0.2193,0.827116,False,0.004227
103,WASDE,BZ=F,3,68,0.006184,0.048749,1.0384,0.302809,False,0.004227
104,WASDE,BZ=F,5,68,0.005825,0.06748,0.7066,0.482256,False,0.004227
105,WASDE,NG=F,1,68,-0.005801,0.049279,-0.9635,0.338775,False,-0.003126
106,WASDE,NG=F,3,68,-0.016036,0.074087,-1.7717,0.080993,False,-0.003126
107,WASDE,NG=F,5,68,-0.016959,0.103121,-1.3461,0.182798,False,-0.003126
108,WASDE,GC=F,1,68,0.002335,0.014957,1.2778,0.205733,False,-0.002594
109,WASDE,GC=F,3,68,0.001638,0.024953,0.5372,0.592903,False,-0.002594
110,WASDE,GC=F,5,68,0.002092,0.029534,0.5797,0.56405,False,-0.002594
111,WASDE,SI=F,1,68,0.004798,0.025735,1.526,0.131706,False,-0.005419
112,WASDE,SI=F,3,68,0.006885,0.039338,1.4325,0.156637,False,-0.005419
113,WASDE,SI=F,5,68,0.006641,0.057901,0.9388,0.351204,False,-0.005419
114,WASDE,HG=F,1,68,0.00139,0.022316,0.5098,0.611897,False,0.004848
115,WASDE,HG=F,3,68,0.00065,0.029477,0.1806,0.85724,False,0.004848
116,WASDE,HG=F,5,68,0.001091,0.039213,0.2278,0.8205,False,0.004848
117,WASDE,ZC=F,1,68,0.001001,0.025466,0.3218,0.748603,False,0.00278
118,WASDE,ZC=F,3,68,-0.006583,0.052892,-1.0187,0.312005,False,0.00278
119,WASDE,ZC=F,5,68,-0.006593,0.057555,-0.9376,0.351829,False,0.00278
120,WASDE,ZW=F,1,68,-0.004243,0.033335,-1.0418,0.301255,False,0.003956
121,WASDE,ZW=F,3,68,-0.001253,0.046766,-0.2193,0.827046,False,0.003956
122,WASDE,ZW=F,5,68,0.001983,0.053596,0.3029,0.762941,False,0.003956
123,WASDE,ZS=F,1,68,-0.000977,0.026059,-0.3069,0.75986,False,0.001209
124,WASDE,ZS=F,3,68,-0.006446,0.03484,-1.5145,0.134595,False,0.001209
125,WASDE,ZS=F,5,68,-0.006313,0.043354,-1.192,0.237476,False,0.001209
126,WASDE,XLE,1,68,-0.001545,0.019175,-0.6594,0.511928,False,0.003012
127,WASDE,XLE,3,68,-0.001782,0.028486,-0.5121,0.610241,False,0.003012
128,WASDE,XLE,5,68,-0.005413,0.048177,-0.9196,0.361056,False,0.003012
129,WASDE,XLB,1,68,0.00064,0.010969,0.4779,0.634297,False,-0.000329
130,WASDE,XLB,3,68,-0.000843,0.015581,-0.4429,0.659294,False,-0.000329
131,WASDE,XLB,5,68,-0.000755,0.021783,-0.2837,0.777496,False,-0.000329
132,WASDE,XLI,1,68,-0.000196,0.008178,-0.196,0.845216,False,0.001498
133,WASDE,XLI,3,68,-0.001471,0.012852,-0.9369,0.352184,False,0.001498
134,WASDE,XLI,5,68,-0.00155,0.018045,-0.7033,0.484315,False,0.001498
135,WASDE,GDX,1,68,0.001255,0.034963,0.2937,0.769874,False,-0.002334
136,WASDE,GDX,3,68,0.000745,0.06467,0.0943,0.925135,False,-0.002334
137,WASDE,GDX,5,68,0.006915,0.053947,1.0492,0.297851,False,-0.002334
138,WASDE,SIL,1,68,0.002183,0.035666,0.5009,0.61807,False,-0.004727
139,WASDE,SIL,3,68,0.000602,0.067433,0.0731,0.94194,False,-0.004727
140,WASDE,SIL,5,68,0.007534,0.060623,1.0173,0.312693,False,-0.004727
141,WASDE,JETS,1,68,-0.002188,0.024987,-0.7167,0.47602,False,0.008788
142,WASDE,JETS,3,68,-0.005087,0.035345,-1.1781,0.242921,False,0.008788
143,WASDE,JETS,5,68,-0.003912,0.046153,-0.6938,0.490231,False,0.008788
144,WASDE,IYT,1,68,0.000677,0.011993,0.4621,0.645503,False,0.001847
145,WASDE,IYT,3,68,2e-06,0.019098,0.0007,0.999479,False,0.001847
146,WASDE,IYT,5,68,0.001307,0.022969,0.4656,0.64298,False,0.001847
147,WASDE,XOM,1,68,-0.004035,0.020764,-1.5906,0.116409,False,0.00479
148,WASDE,XOM,3,68,-0.005325,0.02978,-1.4637,0.147945,False,0.00479
149,WASDE,XOM,5,68,-0.007671,0.048598,-1.292,0.200806,False,0.00479
150,WASDE,CVX,1,68,-0.002308,0.021596,-0.8747,0.38486,False,0.004827
151,WASDE,CVX,3,68,-0.001387,0.027456,-0.4135,0.680532,False,0.004827
152,WASDE,CVX,5,68,-0.004527,0.042555,-0.8707,0.387008,False,0.004827
153,WASDE,FCX,1,68,-0.006503,0.030978,-1.7182,0.090382,False,0.008879
154,WASDE,FCX,3,68,-0.008557,0.045374,-1.5437,0.127373,False,0.008879
155,WASDE,FCX,5,68,-0.009181,0.061818,-1.2157,0.228379,False,0.008879
156,WASDE,NEM,1,68,0.002685,0.036287,0.6056,0.546812,False,0.001067
157,WASDE,NEM,3,68,0.004709,0.053671,0.7182,0.475126,False,0.001067
158,WASDE,NEM,5,68,0.009042,0.057585,1.2853,0.203122,False,0.001067
159,WASDE,APA,1,68,-0.003537,0.044421,-0.6517,0.516798,False,0.007676
160,WASDE,APA,3,68,-0.002198,0.060561,-0.2971,0.767282,False,0.007676
161,WASDE,APA,5,68,-0.007751,0.089603,-0.708,0.481385,False,0.007676
162,WASDE,OXY,1,68,-0.002287,0.034681,-0.5398,0.591123,False,0.003377
163,WASDE,OXY,3,68,0.0011,0.054916,0.1639,0.870285,False,0.003377
164,WASDE,OXY,5,68,-0.006137,0.075242,-0.6676,0.506685,False,0.003377
165,WASDE,TECK,1,68,0.00018,0.035776,0.0412,0.96722,False,0.003582
166,WASDE,TECK,3,68,0.008908,0.053488,1.3632,0.177373,False,0.003582
167,WASDE,TECK,5,68,0.005431,0.073456,0.6052,0.547115,False,0.003582
168,WASDE,SM,1,68,-0.001066,0.053948,-0.1618,0.871974,False,0.003811
169,WASDE,SM,3,68,0.006653,0.098113,0.555,0.58072,False,0.003811
170,WASDE,SM,5,68,-0.00582,0.112585,-0.4232,0.673535,False,0.003811
171,WASDE,TGB,1,68,-0.007124,0.050058,-1.1648,0.248211,False,0.008273
172,WASDE,TGB,3,68,-0.006234,0.080333,-0.6352,0.527456,False,0.008273
173,WASDE,TGB,5,68,0.000209,0.107019,0.0159,0.987324,False,0.008273
174,WASDE,GORO,1,68,-0.038451,0.222841,-1.4124,0.162467,False,0.028104
175,WASDE,GORO,3,68,-0.019953,0.259258,-0.63,0.530858,False,0.028104
176,WASDE,GORO,5,68,-0.008536,0.269732,-0.259,0.796395,False,0.028104
177,WASDE,QQQ,1,68,0.000525,0.007081,0.6068,0.546052,False,-0.001567
178,WASDE,QQQ,3,68,0.001241,0.010562,0.9619,0.339536,False,-0.001567
179,WASDE,QQQ,5,68,0.002062,0.014467,1.1665,0.247546,False,-0.001567
180,WASDE,IWM,1,68,0.000432,0.01401,0.2522,0.801636,False,-0.000476
181,WASDE,IWM,3,68,0.000852,0.02155,0.3235,0.747351,False,-0.000476
182,WASDE,IWM,5,68,0.000459,0.026551,0.1416,0.887832,False,-0.000476
183,WASDE,IJH,1,68,0.000244,0.010253,0.1951,0.845877,False,-0.000609
184,WASDE,IJH,3,68,2.2e-05,0.014563,0.0124,0.990141,False,-0.000609
185,WASDE,IJH,5,68,7.1e-05,0.018963,0.0305,0.975777,False,-0.000609
186,WASDE,MGC,1,68,0.000125,0.001811,0.5645,0.574269,False,-0.000295
187,WASDE,MGC,3,68,0.000466,0.002356,1.6188,0.110193,False,-0.000295
188,WASDE,MGC,5,68,0.000416,0.002703,1.2583,0.212664,False,-0.000295
189,WASDE,^VIX,1,68,-0.000189,0.062685,-0.0247,0.980389,False,-0.01517
190,WASDE,^VIX,3,68,-0.012285,0.086776,-1.1588,0.250656,False,-0.01517
191,WASDE,^VIX,5,68,-0.014179,0.106944,-1.0852,0.28171,False,-0.01517
192,WASDE,DX-Y.NYB,1,68,-0.000199,0.007546,-0.2158,0.82977,False,0.000651
193,WASDE,DX-Y.NYB,3,68,-0.000723,0.010138,-0.5838,0.561283,False,0.000651
194,WASDE,DX-Y.NYB,5,68,-0.000213,0.012566,-0.139,0.889844,False,0.000651
195,WASDE,^TNX,1,68,0.009181,0.07092,1.0596,0.293126,False,0.012305
196,WASDE,^TNX,3,68,0.010421,0.096418,0.8847,0.37949,False,0.012305
197,WASDE,^TNX,5,68,0.012797,0.126018,0.8312,0.408786,False,0.012305
198,EIA_OIL,CL=F,1,200,0.000725,0.032545,0.3141,0.75376,False,0.000465
199,EIA_OIL,CL=F,3,200,0.00273,0.046381,0.8303,0.40737,False,0.000465
200,EIA_OIL,CL=F,5,200,-0.001913,0.059557,-0.453,0.651015,False,0.000465
201,EIA_OIL,BZ=F,1,200,0.00086,0.031068,0.3907,0.696444,False,0.000262
202,EIA_OIL,BZ=F,3,200,0.002325,0.042335,0.7747,0.43941,False,0.000262
203,EIA_OIL,BZ=F,5,200,-0.001764,0.058735,-0.4236,0.672308,False,0.000262
204,EIA_OIL,NG=F,1,200,-0.000527,0.073165,-0.1015,0.919227,False,0.000466
205,EIA_OIL,NG=F,3,200,0.000874,0.109982,0.1121,0.91087,False,0.000466
206,EIA_OIL,NG=F,5,200,0.003128,0.126135,0.3498,0.726856,False,0.000466
207,EIA_OIL,GC=F,1,200,-0.000332,0.014937,-0.3138,0.754021,False,0.000315
208,EIA_OIL,GC=F,3,200,-0.000266,0.02477,-0.1512,0.879955,False,0.000315
209,EIA_OIL,GC=F,5,200,0.001013,0.02915,0.4904,0.624421,False,0.000315
210,EIA_OIL,SI=F,1,200,-0.001093,0.029605,-0.5209,0.603012,False,-0.000397
211,EIA_OIL,SI=F,3,200,-0.001027,0.050741,-0.2854,0.775603,False,-0.000397
212,EIA_OIL,SI=F,5,200,0.001129,0.057314,0.278,0.781317,False,-0.000397
213,EIA_OIL,HG=F,1,200,-0.001087,0.027142,-0.5651,0.572669,False,0.000613
214,EIA_OIL,HG=F,3,200,-0.000136,0.034148,-0.0561,0.955346,False,0.000613
215,EIA_OIL,HG=F,5,200,0.000137,0.041188,0.047,0.962569,False,0.000613
216,EIA_OIL,ZC=F,1,200,0.001078,0.018422,0.8258,0.409933,False,0.00083
217,EIA_OIL,ZC=F,3,200,0.002021,0.030246,0.9425,0.347056,False,0.00083
218,EIA_OIL,ZC=F,5,200,0.001432,0.035709,0.5658,0.572165,False,0.00083
219,EIA_OIL,ZW=F,1,200,0.000386,0.026056,0.2089,0.834726,False,0.001126
220,EIA_OIL,ZW=F,3,200,0.001495,0.038052,0.5542,0.580062,False,0.001126
221,EIA_OIL,ZW=F,5,200,0.002014,0.046601,0.6096,0.542823,False,0.001126
222,EIA_OIL,ZS=F,1,200,-2.2e-05,0.014877,-0.0212,0.983101,False,0.00096
223,EIA_OIL,ZS=F,3,200,0.001443,0.02344,0.8683,0.386262,False,0.00096
224,EIA_OIL,ZS=F,5,200,0.000764,0.028146,0.3828,0.702256,False,0.00096
225,EIA_OIL,XLE,1,200,-0.000984,0.019363,-0.7169,0.474305,False,-0.000364
226,EIA_OIL,XLE,3,200,-0.000396,0.025576,-0.2184,0.827315,False,-0.000364
227,EIA_OIL,XLE,5,200,-0.00259,0.033943,-1.0764,0.283043,False,-0.000364
228,EIA_OIL,XLB,1,200,-0.000505,0.010981,-0.6483,0.517518,False,1e-05
229,EIA_OIL,XLB,3,200,-0.00081,0.015755,-0.7255,0.469018,False,1e-05
230,EIA_OIL,XLB,5,200,-0.000775,0.02036,-0.5371,0.591823,False,1e-05
231,EIA_OIL,XLI,1,200,-0.000284,0.008732,-0.4595,0.646398,False,-0.000286
232,EIA_OIL,XLI,3,200,-0.000263,0.011172,-0.332,0.74027,False,-0.000286
233,EIA_OIL,XLI,5,200,-0.001142,0.014344,-1.1229,0.262841,False,-0.000286
234,EIA_OIL,GDX,1,200,-4.5e-05,0.031071,-0.0205,0.983699,False,0.001108
235,EIA_OIL,GDX,3,200,0.000465,0.045507,0.1443,0.885444,False,0.001108
236,EIA_OIL,GDX,5,200,0.001298,0.057812,0.3166,0.751857,False,0.001108
237,EIA_OIL,SIL,1,200,0.000114,0.032266,0.0497,0.960423,False,0.000801
238,EIA_OIL,SIL,3,200,0.000529,0.048574,0.1537,0.877993,False,0.000801
239,EIA_OIL,SIL,5,200,0.001002,0.062123,0.2275,0.820259,False,0.000801
240,EIA_OIL,JETS,1,200,-0.000238,0.020984,-0.16,0.873033,False,-0.000545
241,EIA_OIL,JETS,3,200,-0.001404,0.027044,-0.7325,0.464752,False,-0.000545
242,EIA_OIL,JETS,5,200,-0.000445,0.037143,-0.1688,0.866095,False,-0.000545
243,EIA_OIL,IYT,1,200,0.000144,0.01207,0.1682,0.866577,False,2.3e-05
244,EIA_OIL,IYT,3,200,-2.7e-05,0.017314,-0.0221,0.982404,False,2.3e-05
245,EIA_OIL,IYT,5,200,-0.000543,0.021362,-0.3584,0.720398,False,2.3e-05
246,EIA_OIL,XOM,1,200,-0.001567,0.020922,-1.0562,0.29214,False,-0.000446
247,EIA_OIL,XOM,3,200,-0.000718,0.027314,-0.3706,0.711298,False,-0.000446
248,EIA_OIL,XOM,5,200,-0.003285,0.036607,-1.2661,0.206958,False,-0.000446
249,EIA_OIL,CVX,1,200,-0.000899,0.01951,-0.6503,0.51628,False,-0.000371
250,EIA_OIL,CVX,3,200,7e-06,0.028214,0.0034,0.997296,False,-0.000371
251,EIA_OIL,CVX,5,200,-0.003021,0.035438,-1.2025,0.23058,False,-0.000371
252,EIA_OIL,FCX,1,200,-0.001369,0.036888,-0.5234,0.601283,False,0.000468
253,EIA_OIL,FCX,3,200,-0.002031,0.044416,-0.645,0.51967,False,0.000468
254,EIA_OIL,FCX,5,200,-0.000742,0.058526,-0.1789,0.85822,False,0.000468
255,EIA_OIL,NEM,1,200,0.001009,0.036447,0.3903,0.696696,False,0.001614
256,EIA_OIL,NEM,3,200,0.00225,0.049749,0.6381,0.524124,False,0.001614
257,EIA_OIL,NEM,5,200,0.002503,0.061919,0.5703,0.569118,False,0.001614
258,EIA_OIL,APA,1,200,-0.001755,0.036781,-0.673,0.501741,False,-0.000899
259,EIA_OIL,APA,3,200,-0.001036,0.051639,-0.2829,0.777562,False,-0.000899
260,EIA_OIL,APA,5,200,-0.00332,0.06481,-0.7227,0.470737,False,-0.000899
261,EIA_OIL,OXY,1,200,-0.001,0.027532,-0.5124,0.60891,False,-0.000776
262,EIA_OIL,OXY,3,200,-0.000733,0.03629,-0.285,0.77593,False,-0.000776
263,EIA_OIL,OXY,5,200,-0.003512,0.04411,-1.123,0.262773,False,-0.000776
264,EIA_OIL,TECK,1,200,0.001613,0.033757,0.6741,0.501016,False,0.00044
265,EIA_OIL,TECK,3,200,0.00094,0.043953,0.3015,0.763317,False,0.00044
266,EIA_OIL,TECK,5,200,0.000122,0.054731,0.0316,0.974856,False,0.00044
267,EIA_OIL,SM,1,200,-0.00089,0.039088,-0.3214,0.748273,False,-2.6e-05
268,EIA_OIL,SM,3,200,-0.000553,0.054497,-0.1431,0.886382,False,-2.6e-05
269,EIA_OIL,SM,5,200,-0.001599,0.069989,-0.3223,0.747581,False,-2.6e-05
270,EIA_OIL,TGB,1,200,-0.002332,0.046594,-0.706,0.481005,False,0.000824
271,EIA_OIL,TGB,3,200,-0.001008,0.067669,-0.2101,0.833819,False,0.000824
272,EIA_OIL,TGB,5,200,-0.000747,0.081957,-0.1285,0.897887,False,0.000824
273,EIA_OIL,GORO,1,200,-0.005266,0.148536,-0.5002,0.617511,False,0.003453
274,EIA_OIL,GORO,3,200,0.012638,0.195308,0.9128,0.362438,False,0.003453
275,EIA_OIL,GORO,5,200,-0.011946,0.257341,-0.6548,0.513339,False,0.003453
276,EIA_OIL,QQQ,1,200,0.000411,0.006382,0.9074,0.365303,False,5.5e-05
277,EIA_OIL,QQQ,3,200,0.000332,0.008949,0.5228,0.60169,False,5.5e-05
278,EIA_OIL,QQQ,5,200,0.000393,0.011079,0.5004,0.617381,False,5.5e-05
279,EIA_OIL,IWM,1,200,4.7e-05,0.010677,0.0616,0.950945,False,0.000231
280,EIA_OIL,IWM,3,200,-0.00042,0.014811,-0.3999,0.689694,False,0.000231
281,EIA_OIL,IWM,5,200,-0.000351,0.019621,-0.2525,0.8009,False,0.000231
282,EIA_OIL,IJH,1,200,-0.000154,0.008324,-0.2613,0.794139,False,-8.4e-05
283,EIA_OIL,IJH,3,200,-0.000618,0.011537,-0.7558,0.450689,False,-8.4e-05
284,EIA_OIL,IJH,5,200,-0.000659,0.015215,-0.6111,0.541835,False,-8.4e-05
285,EIA_OIL,MGC,1,200,2.7e-05,0.001372,0.2768,0.782228,False,6.6e-05
286,EIA_OIL,MGC,3,200,6.6e-05,0.001836,0.5074,0.612462,False,6.6e-05
287,EIA_OIL,MGC,5,200,8.5e-05,0.002394,0.5014,0.616672,False,6.6e-05
288,EIA_OIL,^VIX,1,200,-0.007575,0.051203,-2.087,0.038161,True,-0.004474
289,EIA_OIL,^VIX,3,200,-0.002067,0.078527,-0.3713,0.710817,False,-0.004474
290,EIA_OIL,^VIX,5,200,-0.005468,0.095754,-0.8056,0.421437,False,-0.004474
291,EIA_OIL,DX-Y.NYB,1,200,-7e-05,0.006322,-0.1554,0.876675,False,-0.000158
292,EIA_OIL,DX-Y.NYB,3,200,-0.000166,0.00834,-0.2801,0.77966,False,-0.000158
293,EIA_OIL,DX-Y.NYB,5,200,-0.000162,0.009604,-0.2385,0.811759,False,-0.000158
294,EIA_OIL,^TNX,1,200,-0.001633,0.021008,-1.0967,0.274113,False,-0.000684
295,EIA_OIL,^TNX,3,200,0.000738,0.027544,0.3779,0.705945,False,-0.000684
296,EIA_OIL,^TNX,5,200,-0.003174,0.034908,-1.2827,0.201082,False,-0.000684
297,EIA_GAS,CL=F,1,200,0.000725,0.032545,0.3141,0.75376,False,0.000465
298,EIA_GAS,CL=F,3,200,0.00273,0.046381,0.8303,0.40737,False,0.000465
299,EIA_GAS,CL=F,5,200,-0.001913,0.059557,-0.453,0.651015,False,0.000465
300,EIA_GAS,BZ=F,1,200,0.00086,0.031068,0.3907,0.696444,False,0.000262
301,EIA_GAS,BZ=F,3,200,0.002325,0.042335,0.7747,0.43941,False,0.000262
302,EIA_GAS,BZ=F,5,200,-0.001764,0.058735,-0.4236,0.672308,False,0.000262
303,EIA_GAS,NG=F,1,200,-0.000527,0.073165,-0.1015,0.919227,False,0.000466
304,EIA_GAS,NG=F,3,200,0.000874,0.109982,0.1121,0.91087,False,0.000466
305,EIA_GAS,NG=F,5,200,0.003128,0.126135,0.3498,0.726856,False,0.000466
306,EIA_GAS,GC=F,1,200,-0.000332,0.014937,-0.3138,0.754021,False,0.000315
307,EIA_GAS,GC=F,3,200,-0.000266,0.02477,-0.1512,0.879955,False,0.000315
308,EIA_GAS,GC=F,5,200,0.001013,0.02915,0.4904,0.624421,False,0.000315
309,EIA_GAS,SI=F,1,200,-0.001093,0.029605,-0.5209,0.603012,False,-0.000397
310,EIA_GAS,SI=F,3,200,-0.001027,0.050741,-0.2854,0.775603,False,-0.000397
311,EIA_GAS,SI=F,5,200,0.001129,0.057314,0.278,0.781317,False,-0.000397
312,EIA_GAS,HG=F,1,200,-0.001087,0.027142,-0.5651,0.572669,False,0.000613
313,EIA_GAS,HG=F,3,200,-0.000136,0.034148,-0.0561,0.955346,False,0.000613
314,EIA_GAS,HG=F,5,200,0.000137,0.041188,0.047,0.962569,False,0.000613
315,EIA_GAS,ZC=F,1,200,0.001078,0.018422,0.8258,0.409933,False,0.00083
316,EIA_GAS,ZC=F,3,200,0.002021,0.030246,0.9425,0.347056,False,0.00083
317,EIA_GAS,ZC=F,5,200,0.001432,0.035709,0.5658,0.572165,False,0.00083
318,EIA_GAS,ZW=F,1,200,0.000386,0.026056,0.2089,0.834726,False,0.001126
319,EIA_GAS,ZW=F,3,200,0.001495,0.038052,0.5542,0.580062,False,0.001126
320,EIA_GAS,ZW=F,5,200,0.002014,0.046601,0.6096,0.542823,False,0.001126
321,EIA_GAS,ZS=F,1,200,-2.2e-05,0.014877,-0.0212,0.983101,False,0.00096
322,EIA_GAS,ZS=F,3,200,0.001443,0.02344,0.8683,0.386262,False,0.00096
323,EIA_GAS,ZS=F,5,200,0.000764,0.028146,0.3828,0.702256,False,0.00096
324,EIA_GAS,XLE,1,200,-0.000984,0.019363,-0.7169,0.474305,False,-0.000364
325,EIA_GAS,XLE,3,200,-0.000396,0.025576,-0.2184,0.827315,False,-0.000364
326,EIA_GAS,XLE,5,200,-0.00259,0.033943,-1.0764,0.283043,False,-0.000364
327,EIA_GAS,XLB,1,200,-0.000505,0.010981,-0.6483,0.517518,False,1e-05
328,EIA_GAS,XLB,3,200,-0.00081,0.015755,-0.7255,0.469018,False,1e-05
329,EIA_GAS,XLB,5,200,-0.000775,0.02036,-0.5371,0.591823,False,1e-05
330,EIA_GAS,XLI,1,200,-0.000284,0.008732,-0.4595,0.646398,False,-0.000286
331,EIA_GAS,XLI,3,200,-0.000263,0.011172,-0.332,0.74027,False,-0.000286
332,EIA_GAS,XLI,5,200,-0.001142,0.014344,-1.1229,0.262841,False,-0.000286
333,EIA_GAS,GDX,1,200,-4.5e-05,0.031071,-0.0205,0.983699,False,0.001108
334,EIA_GAS,GDX,3,200,0.000465,0.045507,0.1443,0.885444,False,0.001108
335,EIA_GAS,GDX,5,200,0.001298,0.057812,0.3166,0.751857,False,0.001108
336,EIA_GAS,SIL,1,200,0.000114,0.032266,0.0497,0.960423,False,0.000801
337,EIA_GAS,SIL,3,200,0.000529,0.048574,0.1537,0.877993,False,0.000801
338,EIA_GAS,SIL,5,200,0.001002,0.062123,0.2275,0.820259,False,0.000801
339,EIA_GAS,JETS,1,200,-0.000238,0.020984,-0.16,0.873033,False,-0.000545
340,EIA_GAS,JETS,3,200,-0.001404,0.027044,-0.7325,0.464752,False,-0.000545
341,EIA_GAS,JETS,5,200,-0.000445,0.037143,-0.1688,0.866095,False,-0.000545
342,EIA_GAS,IYT,1,200,0.000144,0.01207,0.1682,0.866577,False,2.3e-05
343,EIA_GAS,IYT,3,200,-2.7e-05,0.017314,-0.0221,0.982404,False,2.3e-05
344,EIA_GAS,IYT,5,200,-0.000543,0.021362,-0.3584,0.720398,False,2.3e-05
345,EIA_GAS,XOM,1,200,-0.001567,0.020922,-1.0562,0.29214,False,-0.000446
346,EIA_GAS,XOM,3,200,-0.000718,0.027314,-0.3706,0.711298,False,-0.000446
347,EIA_GAS,XOM,5,200,-0.003285,0.036607,-1.2661,0.206958,False,-0.000446
348,EIA_GAS,CVX,1,200,-0.000899,0.01951,-0.6503,0.51628,False,-0.000371
349,EIA_GAS,CVX,3,200,7e-06,0.028214,0.0034,0.997296,False,-0.000371
350,EIA_GAS,CVX,5,200,-0.003021,0.035438,-1.2025,0.23058,False,-0.000371
351,EIA_GAS,FCX,1,200,-0.001369,0.036888,-0.5234,0.601283,False,0.000468
352,EIA_GAS,FCX,3,200,-0.002031,0.044416,-0.645,0.51967,False,0.000468
353,EIA_GAS,FCX,5,200,-0.000742,0.058526,-0.1789,0.85822,False,0.000468
354,EIA_GAS,NEM,1,200,0.001009,0.036447,0.3903,0.696696,False,0.001614
355,EIA_GAS,NEM,3,200,0.00225,0.049749,0.6381,0.524124,False,0.001614
356,EIA_GAS,NEM,5,200,0.002503,0.061919,0.5703,0.569118,False,0.001614
357,EIA_GAS,APA,1,200,-0.001755,0.036781,-0.673,0.501741,False,-0.000899
358,EIA_GAS,APA,3,200,-0.001036,0.051639,-0.2829,0.777562,False,-0.000899
359,EIA_GAS,APA,5,200,-0.00332,0.06481,-0.7227,0.470737,False,-0.000899
360,EIA_GAS,OXY,1,200,-0.001,0.027532,-0.5124,0.60891,False,-0.000776
361,EIA_GAS,OXY,3,200,-0.000733,0.03629,-0.285,0.77593,False,-0.000776
362,EIA_GAS,OXY,5,200,-0.003512,0.04411,-1.123,0.262773,False,-0.000776
363,EIA_GAS,TECK,1,200,0.001613,0.033757,0.6741,0.501016,False,0.00044
364,EIA_GAS,TECK,3,200,0.00094,0.043953,0.3015,0.763317,False,0.00044
365,EIA_GAS,TECK,5,200,0.000122,0.054731,0.0316,0.974856,False,0.00044
366,EIA_GAS,SM,1,200,-0.00089,0.039088,-0.3214,0.748273,False,-2.6e-05
367,EIA_GAS,SM,3,200,-0.000553,0.054497,-0.1431,0.886382,False,-2.6e-05
368,EIA_GAS,SM,5,200,-0.001599,0.069989,-0.3223,0.747581,False,-2.6e-05
369,EIA_GAS,TGB,1,200,-0.002332,0.046594,-0.706,0.481005,False,0.000824
370,EIA_GAS,TGB,3,200,-0.001008,0.067669,-0.2101,0.833819,False,0.000824
371,EIA_GAS,TGB,5,200,-0.000747,0.081957,-0.1285,0.897887,False,0.000824
372,EIA_GAS,GORO,1,200,-0.005266,0.148536,-0.5002,0.617511,False,0.003453
373,EIA_GAS,GORO,3,200,0.012638,0.195308,0.9128,0.362438,False,0.003453
374,EIA_GAS,GORO,5,200,-0.011946,0.257341,-0.6548,0.513339,False,0.003453
375,EIA_GAS,QQQ,1,200,0.000411,0.006382,0.9074,0.365303,False,5.5e-05
376,EIA_GAS,QQQ,3,200,0.000332,0.008949,0.5228,0.60169,False,5.5e-05
377,EIA_GAS,QQQ,5,200,0.000393,0.011079,0.5004,0.617381,False,5.5e-05
378,EIA_GAS,IWM,1,200,4.7e-05,0.010677,0.0616,0.950945,False,0.000231
379,EIA_GAS,IWM,3,200,-0.00042,0.014811,-0.3999,0.689694,False,0.000231
380,EIA_GAS,IWM,5,200,-0.000351,0.019621,-0.2525,0.8009,False,0.000231
381,EIA_GAS,IJH,1,200,-0.000154,0.008324,-0.2613,0.794139,False,-8.4e-05
382,EIA_GAS,IJH,3,200,-0.000618,0.011537,-0.7558,0.450689,False,-8.4e-05
383,EIA_GAS,IJH,5,200,-0.000659,0.015215,-0.6111,0.541835,False,-8.4e-05
384,EIA_GAS,MGC,1,200,2.7e-05,0.001372,0.2768,0.782228,False,6.6e-05
385,EIA_GAS,MGC,3,200,6.6e-05,0.001836,0.5074,0.612462,False,6.6e-05
386,EIA_GAS,MGC,5,200,8.5e-05,0.002394,0.5014,0.616672,False,6.6e-05
387,EIA_GAS,^VIX,1,200,-0.007575,0.051203,-2.087,0.038161,True,-0.004474
388,EIA_GAS,^VIX,3,200,-0.002067,0.078527,-0.3713,0.710817,False,-0.004474
389,EIA_GAS,^VIX,5,200,-0.005468,0.095754,-0.8056,0.421437,False,-0.004474
390,EIA_GAS,DX-Y.NYB,1,200,-7e-05,0.006322,-0.1554,0.876675,False,-0.000158
391,EIA_GAS,DX-Y.NYB,3,200,-0.000166,0.00834,-0.2801,0.77966,False,-0.000158
392,EIA_GAS,DX-Y.NYB,5,200,-0.000162,0.009604,-0.2385,0.811759,False,-0.000158
393,EIA_GAS,^TNX,1,200,-0.001633,0.021008,-1.0967,0.274113,False,-0.000684
394,EIA_GAS,^TNX,3,200,0.000738,0.027544,0.3779,0.705945,False,-0.000684
395,EIA_GAS,^TNX,5,200,-0.003174,0.034908,-1.2827,0.201082,False,-0.000684
396,NFP,CL=F,1,200,0.000766,0.039152,0.2761,0.782772,False,-0.001777
397,NFP,CL=F,3,200,-0.003983,0.048343,-1.1623,0.246506,False,-0.001777
398,NFP,CL=F,5,200,-0.002448,0.057155,-0.6042,0.546419,False,-0.001777
399,NFP,BZ=F,1,200,0.000968,0.038195,0.3575,0.721129,False,-0.003106
400,NFP,BZ=F,3,200,-0.002322,0.04597,-0.7127,0.476883,False,-0.003106
401,NFP,BZ=F,5,200,0.00078,0.054209,0.2029,0.839433,False,-0.003106
402,NFP,NG=F,1,200,-0.002665,0.049128,-0.7651,0.445096,False,0.003941
403,NFP,NG=F,3,200,-0.004978,0.060076,-1.1689,0.243851,False,0.003941
404,NFP,NG=F,5,200,-0.006695,0.072442,-1.3037,0.193844,False,0.003941
405,NFP,GC=F,1,200,0.001722,0.015377,1.5795,0.115807,False,0.000282
406,NFP,GC=F,3,200,0.003255,0.02072,2.216,0.027822,True,0.000282
407,NFP,GC=F,5,200,0.00262,0.024614,1.5015,0.134799,False,0.000282
408,NFP,SI=F,1,200,0.002953,0.025891,1.6091,0.109187,False,-0.003165
409,NFP,SI=F,3,200,0.004381,0.034702,1.7809,0.076462,False,-0.003165
410,NFP,SI=F,5,200,0.002785,0.042812,0.9178,0.359826,False,-0.003165
411,NFP,HG=F,1,200,0.00266,0.021737,1.7261,0.085889,False,-0.002866
412,NFP,HG=F,3,200,0.002236,0.028205,1.1181,0.264871,False,-0.002866
413,NFP,HG=F,5,200,0.004405,0.032061,1.938,0.054036,False,-0.002866
414,NFP,ZC=F,1,200,0.000304,0.01898,0.2262,0.821303,False,0.000335
415,NFP,ZC=F,3,200,-0.000428,0.026263,-0.2302,0.818211,False,0.000335
416,NFP,ZC=F,5,200,0.001303,0.037478,0.4903,0.62449,False,0.000335
417,NFP,ZW=F,1,200,0.001258,0.02427,0.731,0.465613,False,-0.002155
418,NFP,ZW=F,3,200,-0.001887,0.03299,-0.8071,0.420587,False,-0.002155
419,NFP,ZW=F,5,200,-0.001076,0.042975,-0.3534,0.724199,False,-0.002155
420,NFP,ZS=F,1,200,0.000451,0.01673,0.3799,0.704396,False,0.001076
421,NFP,ZS=F,3,200,0.001025,0.021518,0.6721,0.502289,False,0.001076
422,NFP,ZS=F,5,200,0.002726,0.028037,1.3717,0.171703,False,0.001076
423,NFP,XLE,1,200,0.002813,0.023098,1.7182,0.08731,False,-0.000939
424,NFP,XLE,3,200,0.00018,0.028906,0.0876,0.930259,False,-0.000939
425,NFP,XLE,5,200,0.001542,0.033574,0.6479,0.517818,False,-0.000939
426,NFP,XLB,1,200,0.000305,0.009782,0.4401,0.660374,False,0.000175
427,NFP,XLB,3,200,0.000578,0.014858,0.5489,0.583669,False,0.000175
428,NFP,XLB,5,200,0.001466,0.018077,1.144,0.254001,False,0.000175
429,NFP,XLI,1,200,0.000841,0.007874,1.5066,0.133498,False,-0.00049
430,NFP,XLI,3,200,0.000347,0.010512,0.4659,0.64177,False,-0.00049
431,NFP,XLI,5,200,0.000855,0.012408,0.9722,0.332143,False,-0.00049
432,NFP,GDX,1,200,0.00232,0.035378,0.9251,0.356022,False,0.001315
433,NFP,GDX,3,200,0.006939,0.04895,1.9998,0.046881,True,0.001315
434,NFP,GDX,5,200,0.004884,0.064941,1.061,0.28999,False,0.001315
435,NFP,SIL,1,195,0.001559,0.034636,0.627,0.531382,False,-0.000425
436,NFP,SIL,3,195,0.005336,0.047311,1.5709,0.117836,False,-0.000425
437,NFP,SIL,5,195,0.003369,0.065217,0.7196,0.472637,False,-0.000425
438,NFP,JETS,1,134,0.003081,0.027445,1.2947,0.197677,False,-0.001604
439,NFP,JETS,3,134,0.002318,0.029321,0.9117,0.363601,False,-0.001604
440,NFP,JETS,5,134,0.001635,0.034459,0.5473,0.585076,False,-0.001604
441,NFP,IYT,1,200,0.000942,0.012522,1.0614,0.289803,False,-0.000651
442,NFP,IYT,3,200,0.000265,0.016671,0.224,0.822976,False,-0.000651
443,NFP,IYT,5,200,0.001191,0.018932,0.8871,0.376085,False,-0.000651
444,NFP,XOM,1,200,0.003549,0.021401,2.3393,0.020312,True,-0.001767
445,NFP,XOM,3,200,0.000817,0.026861,0.4292,0.668207,False,-0.001767
446,NFP,XOM,5,200,0.002142,0.031512,0.9591,0.338695,False,-0.001767
447,NFP,CVX,1,200,0.002576,0.021218,1.7123,0.08839,False,-0.003109
448,NFP,CVX,3,200,0.001109,0.025807,0.606,0.545182,False,-0.003109
449,NFP,CVX,5,200,0.003162,0.030975,1.4399,0.151462,False,-0.003109
450,NFP,FCX,1,200,0.005539,0.031593,2.4733,0.014225,True,-0.001126
451,NFP,FCX,3,200,0.006668,0.047493,1.9807,0.049004,True,-0.001126
452,NFP,FCX,5,200,0.006227,0.062546,1.4045,0.161723,False,-0.001126
453,NFP,NEM,1,200,0.002451,0.035184,0.9828,0.32689,False,0.00092
454,NFP,NEM,3,200,0.005812,0.048041,1.7067,0.089437,False,0.00092
455,NFP,NEM,5,200,0.004968,0.060098,1.1662,0.244931,False,0.00092
456,NFP,APA,1,200,0.004266,0.072802,0.8265,0.409499,False,-0.004115
457,NFP,APA,3,200,-0.002473,0.090708,-0.3846,0.700952,False,-0.004115
458,NFP,APA,5,200,0.000409,0.098101,0.0588,0.95316,False,-0.004115
459,NFP,OXY,1,200,0.0034,0.070286,0.6824,0.495806,False,0.001316
460,NFP,OXY,3,200,-0.002686,0.077664,-0.4879,0.626163,False,0.001316
461,NFP,OXY,5,200,0.00103,0.071873,0.2022,0.839959,False,0.001316
462,NFP,TECK,1,200,0.003283,0.039855,1.1622,0.246553,False,0.006287
463,NFP,TECK,3,200,0.004406,0.055929,1.1113,0.267779,False,0.006287
464,NFP,TECK,5,200,0.006279,0.071832,1.2332,0.218964,False,0.006287
465,NFP,SM,1,200,0.002948,0.10545,0.3944,0.6937,False,0.005156
466,NFP,SM,3,200,-0.002972,0.104295,-0.4019,0.688154,False,0.005156
467,NFP,SM,5,200,-3.1e-05,0.106812,-0.0041,0.996762,False,0.005156
468,NFP,TGB,1,200,0.004915,0.05321,1.303,0.194072,False,-0.001644
469,NFP,TGB,3,200,0.006589,0.069863,1.3305,0.184873,False,-0.001644
470,NFP,TGB,5,200,0.008298,0.084124,1.3916,0.165607,False,-0.001644
471,NFP,GORO,1,183,0.021718,0.18476,1.5858,0.114516,False,-0.007852
472,NFP,GORO,3,183,0.01627,0.192722,1.1389,0.256226,False,-0.007852
473,NFP,GORO,5,183,0.01898,0.205292,1.2472,0.213912,False,-0.007852
474,NFP,QQQ,1,200,-0.000798,0.006944,-1.6214,0.106513,False,0.000412
475,NFP,QQQ,3,200,-0.000339,0.009048,-0.5281,0.597997,False,0.000412
476,NFP,QQQ,5,200,-0.000778,0.011389,-0.9638,0.336335,False,0.000412
477,NFP,IWM,1,200,0.000785,0.009447,1.1718,0.24267,False,-0.00206
478,NFP,IWM,3,200,0.0001,0.014874,0.0948,0.924561,False,-0.00206
479,NFP,IWM,5,200,0.000241,0.018063,0.1882,0.850905,False,-0.00206
480,NFP,IJH,1,200,0.000576,0.007299,1.1128,0.267136,False,-0.00093
481,NFP,IJH,3,200,0.000105,0.011031,0.1347,0.892961,False,-0.00093
482,NFP,IJH,5,200,0.000262,0.012586,0.2934,0.769515,False,-0.00093
483,NFP,MGC,1,200,-4.6e-05,0.001206,-0.5419,0.588481,False,5.8e-05
484,NFP,MGC,3,200,-0.000109,0.001653,-0.9262,0.35548,False,5.8e-05
485,NFP,MGC,5,200,1.3e-05,0.002201,0.0808,0.935644,False,5.8e-05
486,NFP,^VIX,1,200,-0.000399,0.072529,-0.0776,0.938227,False,0.008804
487,NFP,^VIX,3,200,-0.003108,0.082731,-0.53,0.596709,False,0.008804
488,NFP,^VIX,5,200,-0.015499,0.104829,-2.0857,0.038282,True,0.008804
489,NFP,DX-Y.NYB,1,200,0.000245,0.006824,0.5068,0.612851,False,-0.000333
490,NFP,DX-Y.NYB,3,200,0.000353,0.009005,0.5525,0.581204,False,-0.000333
491,NFP,DX-Y.NYB,5,200,0.000608,0.011669,0.7347,0.463396,False,-0.000333
492,NFP,^TNX,1,200,0.003713,0.049839,1.0509,0.294569,False,-0.006993
493,NFP,^TNX,3,200,0.008508,0.052953,2.2667,0.024486,True,-0.006993
494,NFP,^TNX,5,200,0.012479,0.061419,2.8661,0.004602,True,-0.006993
495,CPI,CL=F,1,200,-0.000937,0.031531,-0.4193,0.67543,False,-0.00386
496,CPI,CL=F,3,200,-0.002161,0.048517,-0.6283,0.530503,False,-0.00386
497,CPI,CL=F,5,200,-0.001889,0.05194,-0.5131,0.608471,False,-0.00386
498,CPI,BZ=F,1,200,-0.000554,0.028815,-0.2711,0.786572,False,-0.000966
499,CPI,BZ=F,3,200,-0.000202,0.040437,-0.0705,0.943842,False,-0.000966
500,CPI,BZ=F,5,200,1.6e-05,0.046438,0.0049,0.996056,False,-0.000966
501,CPI,NG=F,1,200,-0.000144,0.050968,-0.0399,0.968186,False,-0.006331
502,CPI,NG=F,3,200,-0.002355,0.067862,-0.4896,0.624932,False,-0.006331
503,CPI,NG=F,5,200,-0.006026,0.081787,-1.0394,0.299893,False,-0.006331
504,CPI,GC=F,1,200,-0.0015,0.015307,-1.3827,0.168321,False,0.001255
505,CPI,GC=F,3,200,-0.001158,0.019893,-0.821,0.412627,False,0.001255
506,CPI,GC=F,5,200,-0.000514,0.025983,-0.2788,0.780653,False,0.001255
507,CPI,SI=F,1,200,-0.001186,0.03053,-0.5481,0.58422,False,0.003375
508,CPI,SI=F,3,200,-0.000251,0.042591,-0.0833,0.933696,False,0.003375
509,CPI,SI=F,5,200,0.000964,0.052513,0.2589,0.796006,False,0.003375
510,CPI,HG=F,1,200,-0.001298,0.017588,-1.0409,0.299173,False,0.002279
511,CPI,HG=F,3,200,-0.002498,0.025913,-1.3598,0.175433,False,0.002279
512,CPI,HG=F,5,200,-0.002013,0.032009,-0.887,0.376156,False,0.002279
513,CPI,ZC=F,1,200,-0.001311,0.031369,-0.5894,0.556288,False,0.000107
514,CPI,ZC=F,3,200,-0.000935,0.044004,-0.2997,0.764688,False,0.000107
515,CPI,ZC=F,5,200,0.000425,0.0475,0.1264,0.899582,False,0.000107
516,CPI,ZW=F,1,200,0.000416,0.026779,0.2189,0.826968,False,-0.004554
517,CPI,ZW=F,3,200,0.005885,0.041643,1.9935,0.047568,True,-0.004554
518,CPI,ZW=F,5,200,0.007667,0.04945,2.187,0.029905,True,-0.004554
519,CPI,ZS=F,1,200,-0.004285,0.023427,-2.5803,0.010591,True,0.001689
520,CPI,ZS=F,3,200,-0.004818,0.032466,-2.0935,0.037568,True,0.001689
521,CPI,ZS=F,5,200,-0.002025,0.036476,-0.783,0.43457,False,0.001689
522,CPI,XLE,1,200,-0.000493,0.018377,-0.3785,0.705497,False,-0.000689
523,CPI,XLE,3,200,-0.001832,0.028425,-0.9091,0.364374,False,-0.000689
524,CPI,XLE,5,200,-0.001672,0.032143,-0.7339,0.463867,False,-0.000689
525,CPI,XLB,1,200,-0.001544,0.009017,-2.4148,0.01665,True,0.000616
526,CPI,XLB,3,200,-0.001452,0.013862,-1.478,0.140986,False,0.000616
527,CPI,XLB,5,200,-0.001914,0.016171,-1.67,0.096484,False,0.000616
528,CPI,XLI,1,200,-0.000641,0.006948,-1.3017,0.194517,False,0.000819
529,CPI,XLI,3,200,-0.00068,0.011677,-0.8213,0.412456,False,0.000819
530,CPI,XLI,5,200,-0.000889,0.012865,-0.9743,0.331067,False,0.000819
531,CPI,GDX,1,200,-0.003664,0.030252,-1.7084,0.08912,False,0.003051
532,CPI,GDX,3,200,-0.003146,0.041944,-1.0582,0.291245,False,0.003051
533,CPI,GDX,5,200,-0.001331,0.053917,-0.3482,0.728088,False,0.003051
534,CPI,SIL,1,195,-0.003478,0.032545,-1.4883,0.138294,False,0.002487
535,CPI,SIL,3,195,-0.001299,0.046119,-0.3923,0.695261,False,0.002487
536,CPI,SIL,5,195,0.000537,0.060009,0.1246,0.900996,False,0.002487
537,CPI,JETS,1,135,0.000349,0.019467,0.2075,0.835902,False,0.000771
538,CPI,JETS,3,135,-0.000875,0.034431,-0.2941,0.769133,False,0.000771
539,CPI,JETS,5,135,0.000373,0.038216,0.1131,0.910151,False,0.000771
540,CPI,IYT,1,200,-0.000146,0.010393,-0.1979,0.843293,False,0.001574
541,CPI,IYT,3,200,-6e-06,0.014711,-0.0059,0.995308,False,0.001574
542,CPI,IYT,5,200,-0.000264,0.017537,-0.2123,0.83209,False,0.001574
543,CPI,XOM,1,200,-0.000317,0.020131,-0.2222,0.824405,False,0.000418
544,CPI,XOM,3,200,-0.000484,0.026588,-0.2571,0.797402,False,0.000418
545,CPI,XOM,5,200,-0.002012,0.031378,-0.9046,0.36679,False,0.000418
546,CPI,CVX,1,200,0.000403,0.019386,0.2932,0.76969,False,0.00054
547,CPI,CVX,3,200,-0.001419,0.032439,-0.6169,0.538,False,0.00054
548,CPI,CVX,5,200,-0.001543,0.033615,-0.6476,0.518019,False,0.00054
549,CPI,FCX,1,200,-0.003103,0.036739,-1.1916,0.234852,False,0.002491
550,CPI,FCX,3,200,-0.004549,0.053017,-1.2105,0.227535,False,0.002491
551,CPI,FCX,5,200,-0.00386,0.060163,-0.9052,0.366477,False,0.002491
552,CPI,NEM,1,200,-0.002468,0.031337,-1.1112,0.267838,False,0.002182
553,CPI,NEM,3,200,-0.000275,0.042473,-0.0912,0.9274,False,0.002182
554,CPI,NEM,5,200,-0.000117,0.053752,-0.0306,0.975633,False,0.002182
555,CPI,APA,1,200,-0.000625,0.040993,-0.2151,0.82994,False,-0.000951
556,CPI,APA,3,200,-0.002147,0.056129,-0.5396,0.590104,False,-0.000951
557,CPI,APA,5,200,-0.001493,0.058483,-0.3601,0.719188,False,-0.000951
558,CPI,OXY,1,200,-0.001139,0.03019,-0.5322,0.595197,False,-0.003203
559,CPI,OXY,3,200,-0.003716,0.040861,-1.2827,0.20108,False,-0.003203
560,CPI,OXY,5,200,-0.004147,0.049556,-1.1804,0.239256,False,-0.003203
561,CPI,TECK,1,200,-0.00217,0.039527,-0.7745,0.439537,False,0.000808
562,CPI,TECK,3,200,-0.005509,0.057955,-1.341,0.18145,False,0.000808
563,CPI,TECK,5,200,-0.008508,0.069075,-1.7375,0.083846,False,0.000808
564,CPI,SM,1,200,-0.003871,0.048894,-1.117,0.265361,False,-0.003437
565,CPI,SM,3,200,-0.010639,0.078098,-1.9217,0.056075,False,-0.003437
566,CPI,SM,5,200,-0.013079,0.093592,-1.9713,0.050077,False,-0.003437
567,CPI,TGB,1,200,-0.006946,0.055044,-1.7802,0.076563,False,0.006823
568,CPI,TGB,3,200,-0.010474,0.072498,-2.0381,0.042865,True,0.006823
569,CPI,TGB,5,200,-0.007529,0.086208,-1.2321,0.219366,False,0.006823
570,CPI,GORO,1,183,-0.009435,0.143407,-0.8876,0.375945,False,-0.009051
571,CPI,GORO,3,183,-0.014806,0.218934,-0.9124,0.362782,False,-0.009051
572,CPI,GORO,5,183,-0.013385,0.257713,-0.7007,0.484386,False,-0.009051
573,CPI,QQQ,1,200,0.000562,0.006278,1.2623,0.208329,False,-0.000102
574,CPI,QQQ,3,200,0.000547,0.009307,0.829,0.408114,False,-0.000102
575,CPI,QQQ,5,200,0.000933,0.010454,1.2596,0.209284,False,-0.000102
576,CPI,IWM,1,200,-0.000598,0.010417,-0.8104,0.418674,False,-0.000664
577,CPI,IWM,3,200,3.6e-05,0.013976,0.0359,0.971363,False,-0.000664
578,CPI,IWM,5,200,0.000194,0.014608,0.1873,0.851599,False,-0.000664
579,CPI,IJH,1,200,-0.000615,0.007562,-1.147,0.252739,False,-0.000548
580,CPI,IJH,3,200,-0.000728,0.011523,-0.8918,0.373565,False,-0.000548
581,CPI,IJH,5,200,-0.000657,0.011346,-0.8168,0.415028,False,-0.000548
582,CPI,MGC,1,200,0.000144,0.001196,1.6941,0.091801,False,9.2e-05
583,CPI,MGC,3,200,9.8e-05,0.001648,0.8372,0.403488,False,9.2e-05
584,CPI,MGC,5,200,6.6e-05,0.001861,0.5029,0.615601,False,9.2e-05
585,CPI,^VIX,1,200,0.004097,0.059431,0.9724,0.332029,False,-0.007377
586,CPI,^VIX,3,200,0.0041,0.084968,0.6807,0.496865,False,-0.007377
587,CPI,^VIX,5,200,-0.012917,0.104093,-1.7505,0.081575,False,-0.007377
588,CPI,DX-Y.NYB,1,200,-0.000394,0.005709,-0.9739,0.331303,False,-3.8e-05
589,CPI,DX-Y.NYB,3,200,-0.000388,0.008356,-0.6551,0.513186,False,-3.8e-05
590,CPI,DX-Y.NYB,5,200,-0.000373,0.010184,-0.5163,0.60621,False,-3.8e-05
591,CPI,^TNX,1,200,-0.001251,0.027658,-0.6381,0.524132,False,0.010207
592,CPI,^TNX,3,200,-0.00214,0.049635,-0.6083,0.543687,False,0.010207
593,CPI,^TNX,5,200,-0.00028,0.044811,-0.0881,0.929897,False,0.010207
594,PPI,CL=F,1,200,-0.000937,0.031531,-0.4193,0.67543,False,-0.00386
595,PPI,CL=F,3,200,-0.002161,0.048517,-0.6283,0.530503,False,-0.00386
596,PPI,CL=F,5,200,-0.001889,0.05194,-0.5131,0.608471,False,-0.00386
597,PPI,BZ=F,1,200,-0.000554,0.028815,-0.2711,0.786572,False,-0.000966
598,PPI,BZ=F,3,200,-0.000202,0.040437,-0.0705,0.943842,False,-0.000966
599,PPI,BZ=F,5,200,1.6e-05,0.046438,0.0049,0.996056,False,-0.000966
600,PPI,NG=F,1,200,-0.000144,0.050968,-0.0399,0.968186,False,-0.006331
601,PPI,NG=F,3,200,-0.002355,0.067862,-0.4896,0.624932,False,-0.006331
602,PPI,NG=F,5,200,-0.006026,0.081787,-1.0394,0.299893,False,-0.006331
603,PPI,GC=F,1,200,-0.0015,0.015307,-1.3827,0.168321,False,0.001255
604,PPI,GC=F,3,200,-0.001158,0.019893,-0.821,0.412627,False,0.001255
605,PPI,GC=F,5,200,-0.000514,0.025983,-0.2788,0.780653,False,0.001255
606,PPI,SI=F,1,200,-0.001186,0.03053,-0.5481,0.58422,False,0.003375
607,PPI,SI=F,3,200,-0.000251,0.042591,-0.0833,0.933696,False,0.003375
608,PPI,SI=F,5,200,0.000964,0.052513,0.2589,0.796006,False,0.003375
609,PPI,HG=F,1,200,-0.001298,0.017588,-1.0409,0.299173,False,0.002279
610,PPI,HG=F,3,200,-0.002498,0.025913,-1.3598,0.175433,False,0.002279
611,PPI,HG=F,5,200,-0.002013,0.032009,-0.887,0.376156,False,0.002279
612,PPI,ZC=F,1,200,-0.001311,0.031369,-0.5894,0.556288,False,0.000107
613,PPI,ZC=F,3,200,-0.000935,0.044004,-0.2997,0.764688,False,0.000107
614,PPI,ZC=F,5,200,0.000425,0.0475,0.1264,0.899582,False,0.000107
615,PPI,ZW=F,1,200,0.000416,0.026779,0.2189,0.826968,False,-0.004554
616,PPI,ZW=F,3,200,0.005885,0.041643,1.9935,0.047568,True,-0.004554
617,PPI,ZW=F,5,200,0.007667,0.04945,2.187,0.029905,True,-0.004554
618,PPI,ZS=F,1,200,-0.004285,0.023427,-2.5803,0.010591,True,0.001689
619,PPI,ZS=F,3,200,-0.004818,0.032466,-2.0935,0.037568,True,0.001689
620,PPI,ZS=F,5,200,-0.002025,0.036476,-0.783,0.43457,False,0.001689
621,PPI,XLE,1,200,-0.000493,0.018377,-0.3785,0.705497,False,-0.000689
622,PPI,XLE,3,200,-0.001832,0.028425,-0.9091,0.364374,False,-0.000689
623,PPI,XLE,5,200,-0.001672,0.032143,-0.7339,0.463867,False,-0.000689
624,PPI,XLB,1,200,-0.001544,0.009017,-2.4148,0.01665,True,0.000616
625,PPI,XLB,3,200,-0.001452,0.013862,-1.478,0.140986,False,0.000616
626,PPI,XLB,5,200,-0.001914,0.016171,-1.67,0.096484,False,0.000616
627,PPI,XLI,1,200,-0.000641,0.006948,-1.3017,0.194517,False,0.000819
628,PPI,XLI,3,200,-0.00068,0.011677,-0.8213,0.412456,False,0.000819
629,PPI,XLI,5,200,-0.000889,0.012865,-0.9743,0.331067,False,0.000819
630,PPI,GDX,1,200,-0.003664,0.030252,-1.7084,0.08912,False,0.003051
631,PPI,GDX,3,200,-0.003146,0.041944,-1.0582,0.291245,False,0.003051
632,PPI,GDX,5,200,-0.001331,0.053917,-0.3482,0.728088,False,0.003051
633,PPI,SIL,1,195,-0.003478,0.032545,-1.4883,0.138294,False,0.002487
634,PPI,SIL,3,195,-0.001299,0.046119,-0.3923,0.695261,False,0.002487
635,PPI,SIL,5,195,0.000537,0.060009,0.1246,0.900996,False,0.002487
636,PPI,JETS,1,135,0.000349,0.019467,0.2075,0.835902,False,0.000771
637,PPI,JETS,3,135,-0.000875,0.034431,-0.2941,0.769133,False,0.000771
638,PPI,JETS,5,135,0.000373,0.038216,0.1131,0.910151,False,0.000771
639,PPI,IYT,1,200,-0.000146,0.010393,-0.1979,0.843293,False,0.001574
640,PPI,IYT,3,200,-6e-06,0.014711,-0.0059,0.995308,False,0.001574
641,PPI,IYT,5,200,-0.000264,0.017537,-0.2123,0.83209,False,0.001574
642,PPI,XOM,1,200,-0.000317,0.020131,-0.2222,0.824405,False,0.000418
643,PPI,XOM,3,200,-0.000484,0.026588,-0.2571,0.797402,False,0.000418
644,PPI,XOM,5,200,-0.002012,0.031378,-0.9046,0.36679,False,0.000418
645,PPI,CVX,1,200,0.000403,0.019386,0.2932,0.76969,False,0.00054
646,PPI,CVX,3,200,-0.001419,0.032439,-0.6169,0.538,False,0.00054
647,PPI,CVX,5,200,-0.001543,0.033615,-0.6476,0.518019,False,0.00054
648,PPI,FCX,1,200,-0.003103,0.036739,-1.1916,0.234852,False,0.002491
649,PPI,FCX,3,200,-0.004549,0.053017,-1.2105,0.227535,False,0.002491
650,PPI,FCX,5,200,-0.00386,0.060163,-0.9052,0.366477,False,0.002491
651,PPI,NEM,1,200,-0.002468,0.031337,-1.1112,0.267838,False,0.002182
652,PPI,NEM,3,200,-0.000275,0.042473,-0.0912,0.9274,False,0.002182
653,PPI,NEM,5,200,-0.000117,0.053752,-0.0306,0.975633,False,0.002182
654,PPI,APA,1,200,-0.000625,0.040993,-0.2151,0.82994,False,-0.000951
655,PPI,APA,3,200,-0.002147,0.056129,-0.5396,0.590104,False,-0.000951
656,PPI,APA,5,200,-0.001493,0.058483,-0.3601,0.719188,False,-0.000951
657,PPI,OXY,1,200,-0.001139,0.03019,-0.5322,0.595197,False,-0.003203
658,PPI,OXY,3,200,-0.003716,0.040861,-1.2827,0.20108,False,-0.003203
659,PPI,OXY,5,200,-0.004147,0.049556,-1.1804,0.239256,False,-0.003203
660,PPI,TECK,1,200,-0.00217,0.039527,-0.7745,0.439537,False,0.000808
661,PPI,TECK,3,200,-0.005509,0.057955,-1.341,0.18145,False,0.000808
662,PPI,TECK,5,200,-0.008508,0.069075,-1.7375,0.083846,False,0.000808
663,PPI,SM,1,200,-0.003871,0.048894,-1.117,0.265361,False,-0.003437
664,PPI,SM,3,200,-0.010639,0.078098,-1.9217,0.056075,False,-0.003437
665,PPI,SM,5,200,-0.013079,0.093592,-1.9713,0.050077,False,-0.003437
666,PPI,TGB,1,200,-0.006946,0.055044,-1.7802,0.076563,False,0.006823
667,PPI,TGB,3,200,-0.010474,0.072498,-2.0381,0.042865,True,0.006823
668,PPI,TGB,5,200,-0.007529,0.086208,-1.2321,0.219366,False,0.006823
669,PPI,GORO,1,183,-0.009435,0.143407,-0.8876,0.375945,False,-0.009051
670,PPI,GORO,3,183,-0.014806,0.218934,-0.9124,0.362782,False,-0.009051
671,PPI,GORO,5,183,-0.013385,0.257713,-0.7007,0.484386,False,-0.009051
672,PPI,QQQ,1,200,0.000562,0.006278,1.2623,0.208329,False,-0.000102
673,PPI,QQQ,3,200,0.000547,0.009307,0.829,0.408114,False,-0.000102
674,PPI,QQQ,5,200,0.000933,0.010454,1.2596,0.209284,False,-0.000102
675,PPI,IWM,1,200,-0.000598,0.010417,-0.8104,0.418674,False,-0.000664
676,PPI,IWM,3,200,3.6e-05,0.013976,0.0359,0.971363,False,-0.000664
677,PPI,IWM,5,200,0.000194,0.014608,0.1873,0.851599,False,-0.000664
678,PPI,IJH,1,200,-0.000615,0.007562,-1.147,0.252739,False,-0.000548
679,PPI,IJH,3,200,-0.000728,0.011523,-0.8918,0.373565,False,-0.000548
680,PPI,IJH,5,200,-0.000657,0.011346,-0.8168,0.415028,False,-0.000548
681,PPI,MGC,1,200,0.000144,0.001196,1.6941,0.091801,False,9.2e-05
682,PPI,MGC,3,200,9.8e-05,0.001648,0.8372,0.403488,False,9.2e-05
683,PPI,MGC,5,200,6.6e-05,0.001861,0.5029,0.615601,False,9.2e-05
684,PPI,^VIX,1,200,0.004097,0.059431,0.9724,0.332029,False,-0.007377
685,PPI,^VIX,3,200,0.0041,0.084968,0.6807,0.496865,False,-0.007377
686,PPI,^VIX,5,200,-0.012917,0.104093,-1.7505,0.081575,False,-0.007377
687,PPI,DX-Y.NYB,1,200,-0.000394,0.005709,-0.9739,0.331303,False,-3.8e-05
688,PPI,DX-Y.NYB,3,200,-0.000388,0.008356,-0.6551,0.513186,False,-3.8e-05
689,PPI,DX-Y.NYB,5,200,-0.000373,0.010184,-0.5163,0.60621,False,-3.8e-05
690,PPI,^TNX,1,200,-0.001251,0.027658,-0.6381,0.524132,False,0.010207
691,PPI,^TNX,3,200,-0.00214,0.049635,-0.6083,0.543687,False,0.010207
692,PPI,^TNX,5,200,-0.00028,0.044811,-0.0881,0.929897,False,0.010207
693,ISM_PMI,CL=F,1,200,0.000706,0.039217,0.2539,0.799813,False,0.002335
694,ISM_PMI,CL=F,3,200,-0.001271,0.054046,-0.3318,0.740376,False,0.002335
695,ISM_PMI,CL=F,5,200,-0.00437,0.067671,-0.9109,0.363428,False,0.002335
696,ISM_PMI,BZ=F,1,200,-0.002836,0.041804,-0.9569,0.339765,False,0.004213
697,ISM_PMI,BZ=F,3,200,-0.004476,0.056839,-1.1108,0.267984,False,0.004213
698,ISM_PMI,BZ=F,5,200,-0.006153,0.071461,-1.2147,0.225918,False,0.004213
699,ISM_PMI,NG=F,1,200,-0.003797,0.050781,-1.0548,0.292781,False,0.010311
700,ISM_PMI,NG=F,3,200,-0.006558,0.066008,-1.4015,0.162617,False,0.010311
701,ISM_PMI,NG=F,5,200,-0.011651,0.079024,-2.0798,0.038825,True,0.010311
702,ISM_PMI,GC=F,1,200,0.002336,0.014285,2.3067,0.022103,True,-0.001656
703,ISM_PMI,GC=F,3,200,0.003987,0.020754,2.7102,0.007312,True,-0.001656
704,ISM_PMI,GC=F,5,200,0.0029,0.024795,1.6498,0.100568,False,-0.001656
705,ISM_PMI,SI=F,1,200,0.002608,0.029982,1.2272,0.221179,False,-0.002293
706,ISM_PMI,SI=F,3,200,0.00372,0.04606,1.1392,0.255973,False,-0.002293
707,ISM_PMI,SI=F,5,200,0.002323,0.051613,0.6349,0.52623,False,-0.002293
708,ISM_PMI,HG=F,1,200,6e-05,0.018149,0.0467,0.962827,False,-0.000127
709,ISM_PMI,HG=F,3,200,-0.00037,0.027942,-0.1867,0.852074,False,-0.000127
710,ISM_PMI,HG=F,5,200,-0.000591,0.035443,-0.2354,0.814134,False,-0.000127
711,ISM_PMI,ZC=F,1,200,-0.000224,0.022935,-0.1377,0.890612,False,-0.000364
712,ISM_PMI,ZC=F,3,200,0.001973,0.029741,0.9358,0.350512,False,-0.000364
713,ISM_PMI,ZC=F,5,200,0.002658,0.035239,1.0642,0.288523,False,-0.000364
714,ISM_PMI,ZW=F,1,200,0.000561,0.029378,0.2693,0.787994,False,-0.004193
715,ISM_PMI,ZW=F,3,200,0.0036,0.045491,1.1164,0.265616,False,-0.004193
716,ISM_PMI,ZW=F,5,200,0.004109,0.046241,1.2534,0.211524,False,-0.004193
717,ISM_PMI,ZS=F,1,200,-0.000311,0.018681,-0.2347,0.814684,False,0.001669
718,ISM_PMI,ZS=F,3,200,0.000498,0.025512,0.2753,0.783334,False,0.001669
719,ISM_PMI,ZS=F,5,200,0.002497,0.030256,1.1642,0.245741,False,0.001669
720,ISM_PMI,XLE,1,200,0.001768,0.019857,1.256,0.210588,False,-0.000162
721,ISM_PMI,XLE,3,200,0.000464,0.029826,0.2194,0.826575,False,-0.000162
722,ISM_PMI,XLE,5,200,0.001345,0.038157,0.4973,0.6195,False,-0.000162
723,ISM_PMI,XLB,1,200,0.000788,0.010734,1.0362,0.301369,False,0.000504
724,ISM_PMI,XLB,3,200,0.001207,0.016237,1.0484,0.295712,False,0.000504
725,ISM_PMI,XLB,5,200,0.000747,0.019482,0.5406,0.589387,False,0.000504
726,ISM_PMI,XLI,1,200,-0.00081,0.007865,-1.4524,0.147958,False,0.000134
727,ISM_PMI,XLI,3,200,-0.00042,0.011231,-0.5269,0.598828,False,0.000134
728,ISM_PMI,XLI,5,200,0.00066,0.014953,0.6226,0.534235,False,0.000134
729,ISM_PMI,GDX,1,200,0.002849,0.033799,1.1893,0.235747,False,-0.001738
730,ISM_PMI,GDX,3,200,0.007322,0.048373,2.1352,0.033964,True,-0.001738
731,ISM_PMI,GDX,5,200,0.004882,0.05649,1.2191,0.224243,False,-0.001738
732,ISM_PMI,SIL,1,194,0.001911,0.034647,0.7661,0.444554,False,-0.001691
733,ISM_PMI,SIL,3,194,0.004385,0.050016,1.2179,0.224755,False,-0.001691
734,ISM_PMI,SIL,5,194,0.001879,0.059021,0.4423,0.658782,False,-0.001691
735,ISM_PMI,JETS,1,134,-0.001044,0.024381,-0.4938,0.622286,False,-0.000734
736,ISM_PMI,JETS,3,134,0.001102,0.040841,0.3111,0.756179,False,-0.000734
737,ISM_PMI,JETS,5,134,0.004682,0.049706,1.0864,0.279269,False,-0.000734
738,ISM_PMI,IYT,1,200,-0.000576,0.012495,-0.65,0.516421,False,-0.000432
739,ISM_PMI,IYT,3,200,-0.000544,0.018181,-0.4221,0.673388,False,-0.000432
740,ISM_PMI,IYT,5,200,0.000806,0.022366,0.5083,0.611827,False,-0.000432
741,ISM_PMI,XOM,1,200,0.002225,0.022019,1.4255,0.155589,False,-0.001446
742,ISM_PMI,XOM,3,200,0.001448,0.032012,0.6381,0.524133,False,-0.001446
743,ISM_PMI,XOM,5,200,0.004088,0.039984,1.4421,0.150836,False,-0.001446
744,ISM_PMI,CVX,1,200,0.001378,0.022029,0.8827,0.378476,False,-0.001445
745,ISM_PMI,CVX,3,200,-0.000277,0.028503,-0.1373,0.890955,False,-0.001445
746,ISM_PMI,CVX,5,200,0.001427,0.035614,0.5653,0.572529,False,-0.001445
747,ISM_PMI,FCX,1,200,0.000948,0.033138,0.4038,0.686825,False,0.002349
748,ISM_PMI,FCX,3,200,0.003467,0.053957,0.9065,0.365793,False,0.002349
749,ISM_PMI,FCX,5,200,0.002215,0.06819,0.4583,0.647227,False,0.002349
750,ISM_PMI,NEM,1,200,0.002533,0.032608,1.0959,0.274427,False,-0.00139
751,ISM_PMI,NEM,3,200,0.005525,0.048331,1.6126,0.108421,False,-0.00139
752,ISM_PMI,NEM,5,200,0.003854,0.05672,0.9586,0.338932,False,-0.00139
753,ISM_PMI,APA,1,200,0.000936,0.039979,0.3302,0.741608,False,-0.002115
754,ISM_PMI,APA,3,200,0.00071,0.064608,0.155,0.877009,False,-0.002115
755,ISM_PMI,APA,5,200,6.2e-05,0.105101,0.0084,0.993319,False,-0.002115
756,ISM_PMI,OXY,1,200,0.004459,0.031231,2.0143,0.045329,True,0.000974
757,ISM_PMI,OXY,3,200,0.002189,0.049666,0.6218,0.534805,False,0.000974
758,ISM_PMI,OXY,5,200,0.001137,0.089783,0.1787,0.858347,False,0.000974
759,ISM_PMI,TECK,1,200,0.003856,0.036144,1.5051,0.133894,False,0.001685
760,ISM_PMI,TECK,3,200,0.006881,0.055416,1.7516,0.081385,False,0.001685
761,ISM_PMI,TECK,5,200,0.004358,0.074235,0.8282,0.408546,False,0.001685
762,ISM_PMI,SM,1,200,0.003366,0.059018,0.8044,0.422099,False,0.006053
763,ISM_PMI,SM,3,200,0.004419,0.085829,0.7264,0.468467,False,0.006053
764,ISM_PMI,SM,5,200,0.001763,0.140132,0.1775,0.859292,False,0.006053
765,ISM_PMI,TGB,1,200,0.000161,0.056567,0.0401,0.968043,False,0.002889
766,ISM_PMI,TGB,3,200,-0.001748,0.077617,-0.3176,0.751095,False,0.002889
767,ISM_PMI,TGB,5,200,0.00022,0.098684,0.0314,0.974969,False,0.002889
768,ISM_PMI,GORO,1,183,0.011041,0.174998,0.8511,0.395806,False,-0.008731
769,ISM_PMI,GORO,3,183,0.015826,0.188956,1.1299,0.260003,False,-0.008731
770,ISM_PMI,GORO,5,183,0.022298,0.208569,1.4423,0.150936,False,-0.008731
771,ISM_PMI,QQQ,1,200,-0.000239,0.006517,-0.517,0.605711,False,-0.000218
772,ISM_PMI,QQQ,3,200,-0.000386,0.009448,-0.577,0.564561,False,-0.000218
773,ISM_PMI,QQQ,5,200,-0.001053,0.01262,-1.1774,0.240454,False,-0.000218
774,ISM_PMI,IWM,1,200,-0.000207,0.010248,-0.2853,0.775695,False,0.000315
775,ISM_PMI,IWM,3,200,-0.000585,0.01368,-0.6032,0.54709,False,0.000315
776,ISM_PMI,IWM,5,200,-0.000612,0.017617,-0.4903,0.624461,False,0.000315
777,ISM_PMI,IJH,1,200,2.8e-05,0.007812,0.0504,0.959816,False,0.000202
778,ISM_PMI,IJH,3,200,5e-06,0.010856,0.0071,0.994381,False,0.000202
779,ISM_PMI,IJH,5,200,-0.00031,0.013162,-0.3318,0.740416,False,0.000202
780,ISM_PMI,MGC,1,200,-6.5e-05,0.001256,-0.7248,0.469446,False,-1.7e-05
781,ISM_PMI,MGC,3,200,-9.5e-05,0.001592,-0.8454,0.398902,False,-1.7e-05
782,ISM_PMI,MGC,5,200,-0.0001,0.002136,-0.6622,0.508624,False,-1.7e-05
783,ISM_PMI,^VIX,1,200,-0.00569,0.062815,-1.2778,0.202815,False,0.014832
784,ISM_PMI,^VIX,3,200,-0.004597,0.079222,-0.8186,0.414003,False,0.014832
785,ISM_PMI,^VIX,5,200,-0.008995,0.09967,-1.2731,0.204471,False,0.014832
786,ISM_PMI,DX-Y.NYB,1,200,0.000252,0.006323,0.5618,0.574877,False,-0.000899
787,ISM_PMI,DX-Y.NYB,3,200,0.000257,0.010123,0.3578,0.720837,False,-0.000899
788,ISM_PMI,DX-Y.NYB,5,200,0.000933,0.011477,1.1472,0.25269,False,-0.000899
789,ISM_PMI,^TNX,1,200,0.000128,0.032517,0.0556,0.955684,False,-0.012975
790,ISM_PMI,^TNX,3,200,0.003954,0.052489,1.0626,0.289272,False,-0.012975
791,ISM_PMI,^TNX,5,200,0.009065,0.073811,1.7325,0.084735,False,-0.012975
